날짜,시가,고가,저가,종가,거래량,등락률
2023-06-07,168100,168100,166100,166600,998,-0.9512485136741973
2023-06-08,166600,166700,165300,166400,1116,-0.12004801920768307
2023-06-09,166400,166900,163700,163800,2467,-1.5625
2023-06-12,164100,165500,163800,163800,1661,0.0
2023-06-13,163900,164800,163800,164200,1237,0.2442002442002442
2023-06-14,164300,164900,164200,164900,825,0.42630937880633374
2023-06-15,165500,166000,164900,165900,1376,0.6064281382656156
2023-06-16,166000,168600,165900,167400,1196,0.9041591320072333
2023-06-19,168600,173400,167500,169000,1831,0.955794504181601
2023-06-20,169200,172900,169100,172000,2432,1.7751479289940828
2023-06-21,172400,174800,172000,172400,3977,0.23255813953488372
2023-06-22,172600,173900,172600,173700,1316,0.7540603248259861
2023-06-23,175000,175000,173700,173700,1360,0.0
2023-06-26,173800,174000,173700,173900,1239,0.11514104778353484
2023-06-27,173900,179000,173400,174800,3361,0.5175388154111558
2023-06-28,175000,175300,174400,175000,3264,0.11441647597254005
2023-06-29,175100,177000,175000,176000,2147,0.5714285714285714
2023-06-30,176100,180000,176000,176200,4430,0.11363636363636363
2023-07-03,176900,177000,168500,168500,1506,-4.370034052213394
2023-07-04,169500,170200,168100,170200,592,1.0089020771513353
2023-07-05,170000,172100,168500,169300,487,-0.5287896592244419
2023-07-06,169200,172100,169100,172100,616,1.6538688718251624
2023-07-07,170800,173000,169100,171300,691,-0.4648460197559558
2023-07-10,171000,171000,168600,168800,327,-1.4594279042615295
2023-07-11,168800,170000,167800,168500,217,-0.17772511848341233
2023-07-12,168500,168500,166200,166200,888,-1.3649851632047478
2023-07-13,170000,171000,168000,169300,925,1.865222623345367
2023-07-14,168500,172900,167300,172800,1313,2.067336089781453
2023-07-17,172800,174000,170000,170600,1856,-1.2731481481481481
2023-07-18,170700,172700,166900,167000,2880,-2.1101992966002343
2023-07-19,167000,167600,165900,165900,2293,-0.6586826347305389
2023-07-20,166000,167400,162900,167000,2196,0.6630500301386377
2023-07-21,167000,167800,165200,167400,1863,0.23952095808383234
2023-07-24,167400,167900,165500,166500,1886,-0.5376344086021506
2023-07-25,166600,167300,165600,166800,1551,0.18018018018018017
2023-07-26,166800,168400,163700,165000,3282,-1.079136690647482
2023-07-27,165000,166200,163000,164500,2012,-0.30303030303030304
2023-07-28,164800,172100,164300,166000,1685,0.911854103343465
2023-07-31,166100,170000,166100,168600,2443,1.566265060240964
2023-08-01,168900,169700,166200,167100,1792,-0.8896797153024912
2023-08-02,167100,167100,164600,166800,1904,-0.17953321364452424
2023-08-03,166900,167100,164600,166900,1734,0.05995203836930455
2023-08-04,166900,166900,165100,166000,837,-0.5392450569203115
2023-08-07,166000,166900,165500,166400,1586,0.24096385542168677
2023-08-08,166400,168500,165700,166900,1599,0.3004807692307693
2023-08-09,166900,167800,166000,166200,1058,-0.4194128220491312
2023-08-10,166200,166500,164000,164000,2065,-1.3237063778580023
2023-08-11,165600,165600,161200,162100,1857,-1.1585365853658536
2023-08-14,161400,162000,155400,162000,3116,-0.061690314620604564
2023-08-16,162000,162200,160000,161900,1703,-0.06172839506172839
2023-08-17,161900,161900,157100,160400,1072,-0.9264978381717109
2023-08-18,160400,161700,160400,160700,642,0.18703241895261846
2023-08-21,160800,162700,160800,161200,357,0.3111387678904792
2023-08-22,161400,161600,161200,161300,454,0.062034739454094295
2023-08-23,162200,162200,161300,161300,525,0.0
2023-08-24,161300,161900,160900,161600,899,0.18598884066955984
2023-08-25,161600,162300,161600,161900,262,0.18564356435643564
2023-08-28,161900,162100,161000,161400,800,-0.3088326127239036
2023-08-29,161400,162000,160300,161400,901,0.0
2023-08-30,162800,162800,161200,161200,843,-0.12391573729863693
2023-08-31,161200,166000,161200,166000,1394,2.977667493796526
2023-09-01,166000,167000,162000,163600,1307,-1.4457831325301205
2023-09-04,163600,164100,161600,162300,1243,-0.7946210268948656
2023-09-05,161300,162600,158500,162600,1074,0.18484288354898337
2023-09-06,162600,162600,159300,161000,3281,-0.984009840098401
2023-09-07,161000,161300,160000,160000,996,-0.6211180124223602
2023-09-08,160000,161300,160000,160500,1380,0.3125
2023-09-11,160500,162000,160500,161100,1338,0.3738317757009346
2023-09-12,161100,161300,159300,160900,994,-0.12414649286157665
2023-09-13,160900,161000,159500,160200,1327,-0.435052827843381
2023-09-14,160200,161000,160000,160800,1330,0.37453183520599254
2023-09-15,160800,162900,160800,162200,1486,0.8706467661691543
2023-09-18,162300,163000,162200,162700,1362,0.3082614056720099
2023-09-19,162800,164900,162800,164900,1223,1.352181929932391
2023-09-20,165100,168900,165000,168500,1844,2.1831412977562157
2023-09-21,169100,173500,168600,171500,6014,1.7804154302670623
2023-09-22,172500,172500,165700,168000,7708,-2.0408163265306123
2023-09-25,168000,168900,161400,161400,4958,-3.9285714285714284
2023-09-26,161400,163400,160100,161500,2343,0.061957868649318466
2023-09-27,161400,163200,160500,161300,1427,-0.12383900928792571
2023-10-04,161100,162800,155600,160200,8097,-0.6819590824550528
2023-10-05,160300,160700,158800,160500,910,0.18726591760299627
2023-10-06,160500,161200,159500,161200,298,0.43613707165109034
2023-10-10,161700,161700,159100,159800,1297,-0.8684863523573202
2023-10-11,160200,160200,157400,158500,693,-0.8135168961201502
2023-10-12,159000,164900,158900,162900,5537,2.77602523659306
2023-10-13,163000,163700,162900,163000,179,0.06138735420503376
2023-10-16,163100,163600,162300,162300,1082,-0.4294478527607362
2023-10-17,163400,165000,162300,164200,1745,1.1706715958102278
2023-10-18,164500,164900,162900,164900,1995,0.42630937880633374
2023-10-19,164900,164900,163000,164400,1669,-0.3032140691328078
2023-10-20,164400,164900,160800,162700,1684,-1.0340632603406326
2023-10-23,162700,163000,161400,162000,1055,-0.43023970497848807
2023-10-24,162000,163000,162000,162600,446,0.3703703703703704
2023-10-25,162700,165000,162600,164900,1206,1.4145141451414514
2023-10-26,164900,165000,162600,164800,2001,-0.06064281382656155
2023-10-27,164800,165800,164000,164900,1742,0.06067961165048543
2023-10-30,164900,165700,164900,165100,281,0.1212856276531231
2023-10-31,165100,165500,163600,164900,2073,-0.12113870381586916
2023-11-01,164900,165300,163800,164700,1232,-0.1212856276531231
2023-11-02,164700,166000,162800,165400,3281,0.42501517911353975
2023-11-03,165300,165400,163800,165300,903,-0.06045949214026602
2023-11-06,165800,167500,164200,165200,1751,-0.06049606775559589
2023-11-07,165100,165100,163800,165000,854,-0.12106537530266344
2023-11-08,165100,165100,163700,164600,1027,-0.24242424242424243
2023-11-09,164600,165400,163900,165000,874,0.24301336573511542
2023-11-10,165000,165000,163000,164000,1498,-0.6060606060606061
2023-11-13,164000,164900,163100,163700,781,-0.1829268292682927
2023-11-14,163800,163900,163000,163900,968,0.12217470983506415
2023-11-15,164000,164000,162900,163900,1647,0.0
2023-11-16,163900,165900,162700,164400,1769,0.3050640634533252
2023-11-17,164300,164300,162900,163300,1910,-0.6690997566909975
2023-11-20,163300,163300,162300,163200,983,-0.0612369871402327
2023-11-21,163200,163800,162900,163400,1049,0.12254901960784313
2023-11-22,163400,163700,163000,163400,769,0.0
2023-11-23,163400,163400,162900,163300,801,-0.06119951040391676
2023-11-24,163300,163900,162900,163900,931,0.3674219228413962
2023-11-27,163900,163900,162900,163900,1009,0.0
2023-11-28,163900,166300,163300,165900,1735,1.2202562538133008
2023-11-29,165900,165900,163800,164000,1159,-1.1452682338758287
2023-11-30,165300,165300,163200,165000,1943,0.6097560975609756
2023-12-01,165000,165000,163700,164500,1293,-0.30303030303030304
2023-12-04,164500,165000,163700,164400,820,-0.060790273556231005
2023-12-05,164400,164800,163600,164500,1048,0.06082725060827251
2023-12-06,164500,165000,164500,164500,940,0.0
2023-12-07,164600,165400,164600,165300,837,0.48632218844984804
2023-12-08,165300,166400,165300,165400,2929,0.06049606775559589
2023-12-11,166300,169900,166300,169000,2513,2.176541717049577
2023-12-12,169000,171200,168900,169000,1856,0.0
2023-12-13,169900,169900,168800,169300,339,0.17751479289940827
2023-12-14,169900,170000,168800,168900,914,-0.23626698168930893
2023-12-15,168900,169500,167400,169500,6262,0.3552397868561279
2023-12-18,169500,169800,167100,169100,1240,-0.2359882005899705
2023-12-19,169100,169800,167200,167200,1399,-1.1235955056179776
2023-12-20,167200,168400,167100,168400,1319,0.7177033492822966
2023-12-21,168400,169800,167500,167600,1544,-0.4750593824228029
2023-12-22,168500,170200,167700,169400,1616,1.0739856801909307
2023-12-26,169800,173000,169700,171600,2461,1.2987012987012987
2023-12-27,171600,172400,169900,172200,842,0.34965034965034963
2023-12-28,173000,173200,170400,170400,1369,-1.0452961672473868
2024-01-02,170500,172700,170400,172400,1151,1.1737089201877933
2024-01-03,172700,173400,172400,172400,1083,0.0
2024-01-04,172400,172700,169900,171400,1543,-0.580046403712297
2024-01-05,171400,171900,169500,170600,1718,-0.4667444574095682
2024-01-08,170100,170600,169600,169600,1996,-0.5861664712778429
2024-01-09,169600,170500,169600,170200,551,0.3537735849056604
2024-01-10,170300,170400,169000,169100,1778,-0.6462984723854289
2024-01-11,169800,169800,168900,169400,1432,0.17740981667652278
2024-01-12,169400,169900,169400,169700,1108,0.1770956316410862
2024-01-15,169800,170200,169000,169700,1430,0.0
2024-01-16,169700,170700,169700,170600,771,0.5303476723629935
2024-01-17,170700,170700,169300,169800,2027,-0.4689331770222743
2024-01-18,169800,170500,169800,170100,622,0.17667844522968199
2024-01-19,170800,171000,170100,170800,976,0.411522633744856
2024-01-22,170900,172100,170800,170800,1532,0.0
2024-01-23,170800,171600,169300,169500,959,-0.7611241217798594
2024-01-24,169200,169800,168500,168500,986,-0.5899705014749262
2024-01-25,168700,169100,168500,168800,504,0.17804154302670622
2024-01-26,169100,169200,167100,167100,1047,-1.0071090047393365
2024-01-29,167200,168400,166000,167400,1291,0.17953321364452424
2024-01-30,167400,168400,165000,167300,1378,-0.05973715651135006
2024-01-31,167300,167500,165300,167400,727,0.059772863120143446
2024-02-01,167400,167800,165500,167300,1561,-0.05973715651135006
2024-02-02,167300,167600,166200,166800,1235,-0.2988643156007173
2024-02-05,166800,167300,165400,165800,1218,-0.5995203836930456
2024-02-06,165800,165800,163800,165100,1538,-0.4221954161640531
2024-02-07,165100,165900,163800,163900,1293,-0.7268322228952151
2024-02-08,163900,164000,162900,164000,1336,0.06101281269066504
2024-02-13,164000,167900,163700,167000,3258,1.8292682926829267
2024-02-14,167000,167000,165900,166900,1416,-0.059880239520958084
2024-02-15,166900,167100,166300,166600,767,-0.17974835230677053
2024-02-16,166600,166800,166100,166700,999,0.060024009603841535
2024-02-19,166700,167500,166300,166600,1894,-0.05998800239952009
2024-02-20,166600,168400,166600,167100,1071,0.3001200480192077
2024-02-21,167100,167500,166600,167000,964,-0.059844404548174746
2024-02-22,167000,167900,166700,167000,1148,0.0
2024-02-23,167000,167000,166300,167000,1501,0.0
2024-02-26,167200,167800,165900,166900,1421,-0.059880239520958084
2024-02-27,167700,167700,165700,166200,1227,-0.4194128220491312
2024-02-28,166300,166800,165800,165800,967,-0.24067388688327318
2024-02-29,165800,166600,164500,164500,965,-0.7840772014475271
2024-03-04,163800,172000,163800,168100,6663,2.188449848024316
2024-03-05,168000,173500,168000,170500,2610,1.4277215942891135
2024-03-06,172200,172200,168000,172000,2006,0.8797653958944283
2024-03-07,171900,171900,169100,170200,1177,-1.0465116279069768
2024-03-08,170200,171500,169600,170400,1212,0.11750881316098707
2024-03-11,170400,171700,169300,169500,1369,-0.528169014084507
2024-03-12,170500,170800,169500,170500,1275,0.5899705014749262
2024-03-13,170500,171400,170000,171100,3326,0.3519061583577713
2024-03-14,171100,175000,171100,174700,4867,2.104032729398013
2024-03-15,175000,179000,174700,178800,3313,2.346880366342301
2024-03-18,179800,183200,177800,179500,2742,0.39149888143176736
2024-03-19,180000,182500,179500,181400,2916,1.0584958217270195
2024-03-20,182500,183900,178600,182300,2529,0.4961411245865491
2024-03-21,182300,183000,180200,180800,2321,-0.8228195282501372
2024-03-22,181200,185000,180800,183300,2219,1.3827433628318584
2024-03-25,183300,185000,179900,179900,2001,-1.8548827059465356
2024-03-26,179900,182900,179400,182000,1155,1.1673151750972763
2024-03-27,182000,182000,178300,180000,1845,-1.098901098901099
2024-03-28,180000,182900,178300,180200,1839,0.1111111111111111
2024-03-29,180300,181100,178700,179400,1691,-0.4439511653718091
2024-04-01,179400,180200,177000,179900,664,0.2787068004459309
2024-04-02,180100,182000,179900,181700,764,1.000555864369094
2024-04-03,183700,184700,180500,181500,1216,-0.1100715465052284
2024-04-04,181500,183600,181000,182500,1737,0.5509641873278237
2024-04-05,182500,189800,182500,188000,4812,3.0136986301369864
2024-04-08,188000,189500,184600,185000,1615,-1.5957446808510638
2024-04-09,185000,185300,181700,184300,1839,-0.3783783783783784
2024-04-11,184300,189500,182100,188000,1546,2.0075963103635375
2024-04-12,188000,195900,188000,192400,4939,2.3404255319148937
2024-04-15,192400,192500,186800,187500,1830,-2.546777546777547
2024-04-16,189900,189900,176000,182700,3188,-2.56
2024-04-17,182700,188500,180700,186300,1781,1.9704433497536946
2024-04-18,186000,187400,182700,187000,1933,0.3757380568974772
2024-04-19,187000,193600,184500,192500,5282,2.941176470588235
2024-04-22,192600,198000,190200,191100,2337,-0.7272727272727273
2024-04-23,191200,192800,188600,189500,2056,-0.837257980115123
2024-04-24,189500,192500,183200,188800,2625,-0.36939313984168864
2024-04-25,188900,194600,188900,191300,1222,1.3241525423728813
2024-04-26,193000,193800,188900,193800,3958,1.3068478829064296
2024-04-29,194000,198400,193100,198300,8098,2.321981424148607
2024-04-30,198600,199900,193900,194600,2575,-1.8658598083711546
2024-05-02,197800,198000,191600,192000,3712,-1.3360739979445015
2024-05-03,192000,198400,192000,197000,2048,2.604166666666667
2024-05-07,197000,208500,196000,208000,12688,5.583756345177665
2024-05-08,208000,209500,200000,206500,4201,-0.7211538461538461
2024-05-09,206500,209000,203000,204000,2346,-1.2106537530266344
2024-05-10,204000,216000,204000,210000,7974,2.941176470588235
2024-05-13,214000,214500,208000,210000,3880,0.0
2024-05-14,214500,214500,209000,213000,2943,1.4285714285714286
2024-05-16,210000,210000,193500,193600,15769,-9.107981220657276
2024-05-17,193600,195700,189100,192400,3626,-0.6198347107438017
2024-05-20,192500,198100,192500,194100,3276,0.8835758835758836
2024-05-21,195800,195800,190800,194000,2283,-0.05151983513652757
2024-05-22,194000,197500,194000,194500,1946,0.25773195876288657
2024-05-23,197300,197800,194500,195500,1857,0.5141388174807198
2024-05-24,197200,197200,191600,192500,3945,-1.5345268542199488
2024-05-27,191800,197000,191000,196800,2275,2.2337662337662336
2024-05-28,198200,198300,193900,197000,847,0.10162601626016261
2024-05-29,197200,205000,195000,199200,4430,1.116751269035533
2024-05-30,205500,209500,198200,199600,2373,0.2008032128514056
2024-05-31,199600,201500,194300,201500,2809,0.9519038076152305
2024-06-03,201500,202000,198400,201500,3706,0.0
2024-06-04,201500,202500,199100,199100,1533,-1.1910669975186103
2024-06-05,199100,202500,198700,201500,1263,1.2054244098442994
2024-06-07,205000,205000,198600,201500,807,0.0
2024-06-10,201500,209500,199700,208500,3725,3.4739454094292808
2024-06-11,209000,209000,202000,202500,1386,-2.877697841726619
2024-06-12,202500,204000,200000,202500,976,0.0
2024-06-13,204000,204000,200500,200500,786,-0.9876543209876543
2024-06-14,202000,206000,200500,202000,1629,0.7481296758104738
2024-06-17,201000,204000,201000,201000,4616,-0.49504950495049505
2024-06-18,201500,202500,201000,202500,916,0.7462686567164178
2024-06-19,204500,206500,199700,201500,1516,-0.49382716049382713
2024-06-20,202000,202500,199200,202500,1505,0.49627791563275436
2024-06-21,202500,203000,199400,199400,2482,-1.5308641975308643
2024-06-24,199400,199500,194600,198000,2490,-0.7021063189568706
2024-06-25,198000,199000,196000,199000,1662,0.5050505050505051
2024-06-26,199100,201000,199100,201000,1121,1.0050251256281406
2024-06-27,201500,204000,200500,203000,1835,0.9950248756218906
2024-06-28,203000,204000,199800,203500,3953,0.24630541871921183
2024-07-01,203500,214000,203500,210500,5169,3.43980343980344
2024-07-02,210500,212500,201000,207000,2791,-1.66270783847981
2024-07-03,207000,210000,202000,208000,2317,0.4830917874396135
2024-07-04,208000,208500,203500,207000,2066,-0.4807692307692308
2024-07-05,207500,211000,205000,206000,1657,-0.4830917874396135
2024-07-08,206000,206500,204500,204500,1114,-0.7281553398058253
2024-07-09,205000,206000,203500,205000,983,0.24449877750611246
2024-07-10,205000,205500,204000,205000,770,0.0
2024-07-11,205000,212000,205000,210500,2229,2.682926829268293
2024-07-12,210500,213500,209000,210000,935,-0.23752969121140144
2024-07-15,210000,212000,209000,211000,974,0.4761904761904762
2024-07-16,211000,212000,207000,209500,1318,-0.7109004739336493
2024-07-17,209500,210000,207500,209000,1131,-0.23866348448687352
2024-07-18,209000,211000,207000,207000,1020,-0.9569377990430622
2024-07-19,207000,208500,205000,208500,1349,0.7246376811594203
2024-07-22,208500,209500,206000,208000,1077,-0.2398081534772182
2024-07-23,208000,210000,206000,207500,1115,-0.2403846153846154
2024-07-24,207500,208500,206500,208500,867,0.48192771084337355
2024-07-25,208500,209000,204500,204500,1884,-1.9184652278177456
2024-07-26,204500,207000,204500,207000,916,1.2224938875305624
2024-07-29,207000,208000,207000,208000,1013,0.4830917874396135
2024-07-30,208000,208500,205500,208000,1479,0.0
2024-07-31,208000,208500,203500,203500,1469,-2.1634615384615383
2024-08-01,205000,205500,203500,205500,858,0.9828009828009828
2024-08-02,205500,205500,195100,201000,3175,-2.18978102189781
2024-08-05,201000,205000,183000,186500,6270,-7.213930348258707
2024-08-06,186800,203000,186800,202500,2371,8.579088471849866
2024-08-07,199600,199700,196500,197600,1272,-2.419753086419753
2024-08-08,195200,199500,194500,199500,1699,0.9615384615384616
2024-08-09,198200,199800,197900,199500,1110,0.0
2024-08-12,199500,200000,197900,199100,860,-0.20050125313283207
2024-08-13,199100,205500,197500,201500,2576,1.2054244098442994
2024-08-14,201500,207500,201500,204000,1241,1.240694789081886
2024-08-16,204000,206000,201500,203500,1290,-0.24509803921568626
2024-08-19,203500,204000,202000,203000,1009,-0.2457002457002457
2024-08-20,203000,203000,200000,203000,1263,0.0
2024-08-21,203000,203000,199200,199200,959,-1.87192118226601
2024-08-22,201000,201000,199200,199200,856,0.0
2024-08-23,198300,199900,197600,197900,581,-0.6526104417670683
2024-08-26,196900,203000,195400,203000,1879,2.5770591207680646
2024-08-27,203000,204000,200500,204000,716,0.49261083743842365
2024-08-28,204000,204000,200500,202000,1071,-0.9803921568627451
2024-08-29,202000,203000,200000,203000,820,0.49504950495049505
2024-08-30,203000,203500,200500,203500,1137,0.24630541871921183
2024-09-02,203500,204500,203500,204500,1210,0.4914004914004914
2024-09-03,205000,213000,205000,212500,8626,3.9119804400977993
2024-09-04,212000,212000,203500,208000,5908,-2.1176470588235294
2024-09-05,208000,209500,202500,207000,5100,-0.4807692307692308
2024-09-06,207000,208000,201500,201500,3775,-2.657004830917874
2024-09-09,201500,206000,197000,206000,3811,2.2332506203473943
2024-09-10,206000,210000,202000,207500,3641,0.7281553398058253
2024-09-11,207500,207500,204000,205500,3008,-0.9638554216867471
2024-09-12,205500,209500,205500,209000,3480,1.70316301703163
2024-09-13,208500,209500,206000,208000,3583,-0.4784688995215311
2024-09-19,208000,211500,206000,211500,6756,1.6826923076923077
2024-09-20,211500,211500,208000,209500,1326,-0.9456264775413712
2024-09-23,213000,213000,208500,210000,1421,0.23866348448687352
2024-09-24,211000,213000,208500,212000,3779,0.9523809523809524
2024-09-25,213000,213000,206500,206500,1689,-2.5943396226415096
2024-09-26,207000,208000,202000,203000,1599,-1.694915254237288
2024-09-27,203000,204500,199800,199800,3141,-1.5763546798029555
2024-09-30,201000,201000,198300,199100,1299,-0.35035035035035034
2024-10-02,197100,198100,194700,197900,2889,-0.6027122049221497
2024-10-04,198000,198000,192800,193800,4184,-2.0717534108135425
2024-10-07,193000,199500,190700,197500,2642,1.9091847265221877
2024-10-08,197400,198700,193700,195800,1321,-0.8607594936708861
2024-10-10,195900,198700,195000,198300,2200,1.2768130745658837
2024-10-11,198200,199000,196100,198800,952,0.2521432173474533
2024-10-14,198800,198800,196800,198600,1498,-0.1006036217303823
2024-10-15,198600,203000,197700,203000,1887,2.2155085599194364
2024-10-16,202500,205000,197200,204500,2315,0.7389162561576355
2024-10-17,204500,204500,199100,200500,389,-1.9559902200488997
2024-10-18,200500,203500,199300,200500,573,0.0
2024-10-21,199600,203000,199600,201000,209,0.24937655860349126
2024-10-22,199700,201500,198100,201000,1180,0.0
2024-10-23,198500,200500,198400,198800,863,-1.0945273631840797
2024-10-24,197600,198800,197300,198100,480,-0.35211267605633806
2024-10-25,198000,199300,193700,197400,4210,-0.35335689045936397
2024-10-28,195400,198300,195100,195800,863,-0.8105369807497468
2024-10-29,197000,201500,195500,199800,1029,2.0429009193054135
2024-10-30,201000,201000,197300,197800,536,-1.001001001001001
2024-10-31,199400,202000,197100,201500,1230,1.870576339737108
2024-11-01,198000,203000,196300,202500,1626,0.49627791563275436
2024-11-04,203000,204000,198000,201000,1771,-0.7407407407407408
2024-11-05,203500,203500,199300,199400,703,-0.7960199004975124
2024-11-06,199800,201000,199000,200000,422,0.3009027081243731
2024-11-07,200000,201000,198500,199100,276,-0.44999999999999996
2024-11-08,198500,200000,198500,198800,968,-0.15067805123053743
2024-11-11,197900,198800,196500,197600,994,-0.6036217303822937
2024-11-12,197500,197800,194000,194000,2222,-1.8218623481781375
2024-11-13,193900,195800,192900,195000,1744,0.5154639175257731
2024-11-14,195100,200000,193200,197300,3309,1.1794871794871795
2024-11-15,196500,197300,190600,194000,5556,-1.6725798276735937
2024-11-18,194900,194900,190800,190800,1478,-1.6494845360824744
2024-11-19,192900,192900,186200,186200,4448,-2.410901467505241
2024-11-20,186500,193000,184200,192900,2157,3.5982814178302904
2024-11-21,189400,193000,187900,192000,1536,-0.46656298600311047
2024-11-22,193100,207500,192100,201000,8534,4.6875
2024-11-25,201000,202500,198200,201000,2026,0.0
2024-11-26,201000,202500,191200,192900,6575,-4.029850746268656
2024-11-27,193800,193800,189700,190100,3789,-1.4515292897874545
2024-11-28,190100,194200,188800,190200,1656,0.052603892688058915
2024-11-29,191200,194600,190700,191100,1378,0.47318611987381703
2024-12-02,188900,194200,188800,194200,1722,1.6221873364730508
2024-12-03,194200,198900,191100,197000,2159,1.4418125643666324
2024-12-04,196500,199600,192000,197100,1721,0.050761421319796954
2024-12-05,199500,199500,191200,195100,2336,-1.0147133434804667
2024-12-06,192700,195500,189600,189600,4279,-2.8190671450538187
2024-12-09,189600,191800,186400,191400,5772,0.949367088607595
2024-12-10,190500,194900,190400,194600,3121,1.671891327063741
2024-12-11,194600,199500,194600,199400,6052,2.466598150051387
2024-12-12,199900,202000,193500,194200,33199,-2.6078234704112337
2024-12-13,195900,202000,191200,195100,5976,0.46343975283213185
2024-12-16,195100,197700,191400,191400,2803,-1.8964633521271141
2024-12-17,192900,192900,191100,192500,1149,0.5747126436781609
2024-12-18,192800,192800,190000,191100,1359,-0.7272727272727273
2024-12-19,188800,190700,187200,188800,2111,-1.2035583464154893
2024-12-20,187600,190800,185200,185300,2235,-1.8538135593220337
2024-12-23,186800,187100,184600,185700,1246,0.21586616297895306
2024-12-24,185700,190400,185000,188500,1152,1.5078082929456111
2024-12-26,190800,193600,189400,189500,1453,0.5305039787798408
2024-12-27,189500,191900,187700,188000,560,-0.79155672823219
2024-12-30,193500,193500,188000,188000,692,0.0
2025-01-02,188000,188000,184600,185100,1569,-1.5425531914893618
2025-01-03,184800,186900,183000,183000,1700,-1.1345218800648298
2025-01-06,183000,183700,180400,181100,1803,-1.0382513661202186
2025-01-07,180300,182100,180000,181700,1360,0.3313086692435119
2025-01-08,181500,182500,180500,181000,883,-0.3852504127682994
2025-01-09,180600,180600,178900,179600,2782,-0.7734806629834254
2025-01-10,178600,179300,176800,178000,2488,-0.8908685968819599
2025-01-13,176500,177600,173200,176200,1971,-1.0112359550561798
2025-01-14,178000,178000,174000,174800,1426,-0.7945516458569807
2025-01-15,176000,176000,171000,171000,1606,-2.1739130434782608
2025-01-16,172600,175000,171600,175000,1276,2.3391812865497075
2025-01-17,173200,175600,171000,172400,1156,-1.4857142857142858
2025-01-20,171300,174400,167500,172400,1590,0.0
2025-01-21,171400,174900,170000,171000,801,-0.8120649651972157
2025-01-22,174000,174000,171300,172400,750,0.8187134502923977
2025-01-23,174800,174800,169900,170500,1085,-1.1020881670533642
2025-01-24,173300,173300,170200,170600,389,0.05865102639296188
2025-01-31,174700,177000,170200,170200,990,-0.23446658851113714
2025-02-03,166900,168600,164200,164200,1913,-3.525264394829612
2025-02-04,165500,168400,163500,163800,1220,-0.24360535931790497
2025-02-05,165400,165400,163600,163600,703,-0.1221001221001221
2025-02-06,170000,170700,164500,169300,2008,3.4841075794621026
2025-02-07,169300,172000,169300,171200,853,1.1222681630242175
2025-02-10,171200,172500,170400,172500,1854,0.7593457943925234
2025-02-11,172500,176000,172500,176000,1096,2.0289855072463765
2025-02-12,176000,176600,173800,175900,1572,-0.056818181818181816
2025-02-13,176600,177800,172700,177400,2291,0.8527572484366117
2025-02-14,177400,180400,177400,179000,1030,0.9019165727170236
2025-02-17,179000,182700,179000,181200,1628,1.2290502793296088
2025-02-18,181200,181900,178400,178700,2558,-1.379690949227373
2025-02-19,178700,182500,176900,180200,4079,0.8393956351426972
2025-02-20,180200,182300,178000,181900,2296,0.9433962264150944
2025-02-21,181900,181900,179900,181300,1198,-0.32985156679494226
2025-02-24,181300,182500,180400,181900,1917,0.3309431880860452
2025-02-25,181900,181900,179400,181400,2905,-0.2748763056624519
2025-02-26,181400,182400,179900,181400,2421,0.0
2025-02-27,181400,182300,179900,182100,2470,0.3858875413450937
2025-02-28,182100,184900,181800,182000,5086,-0.054914881933003847
2025-03-04,182000,182000,179100,180300,2763,-0.9340659340659341
2025-03-05,180300,181500,178100,180200,3024,-0.055463117027176934
2025-03-06,180200,180500,179500,180500,1913,0.1664816870144284
2025-03-07,180500,180500,179100,180400,2550,-0.0554016620498615
2025-03-10,180400,180400,179000,179700,2145,-0.3880266075388027
2025-03-11,179700,179700,178000,179700,1858,0.0
2025-03-12,179700,180100,178200,179400,1723,-0.1669449081803005
2025-03-13,179400,184000,179400,179500,2371,0.055741360089186176
2025-03-14,182600,182700,180000,181700,2307,1.2256267409470751
2025-03-17,181700,183500,179600,183500,2484,0.9906439185470555
2025-03-18,183500,183500,180900,183400,1880,-0.05449591280653951
2025-03-19,183400,186800,181900,184400,1652,0.5452562704471101
2025-03-20,184400,185900,184400,185900,953,0.8134490238611713
2025-03-21,185900,185900,181000,181000,1480,-2.63582571274879
2025-03-24,181100,183500,181100,183500,778,1.3812154696132597
2025-03-25,183300,184300,182200,183900,1261,0.21798365122615804
2025-03-26,183900,186300,182500,185400,2229,0.8156606851549755
2025-03-27,185400,185400,183000,184400,1368,-0.5393743257820928
2025-03-28,186500,186500,184400,186300,975,1.0303687635574839
2025-03-31,186300,186300,180500,186300,3151,0.0
2025-04-01,186300,186300,182100,185500,3529,-0.4294149221685454
2025-04-02,185500,185500,182800,183400,2731,-1.1320754716981132
2025-04-03,183400,183400,178300,182900,3583,-0.27262813522355506
2025-04-04,182900,183300,177800,178500,1676,-2.405686167304538
2025-04-07,176000,176000,171100,173700,1482,-2.689075630252101
2025-04-08,174200,174600,170300,172000,1220,-0.9786989061600461
2025-04-09,172000,173200,170100,170500,1126,-0.872093023255814
2025-04-10,170700,179400,170700,176600,2135,3.5777126099706744
2025-04-11,175100,200000,174000,200000,2265,13.250283125707815
2025-04-14,195400,195400,182600,182900,3707,-8.55
2025-04-15,182900,187600,181200,187600,2062,2.569710224166211
2025-04-16,187600,187600,183600,184300,1793,-1.7590618336886994
2025-04-17,184300,190000,184300,189500,1159,2.821486706456864
2025-04-18,188800,188800,186100,186800,1388,-1.424802110817942
2025-04-21,186800,187000,185000,187000,1129,0.10706638115631692
2025-04-22,185600,189700,185500,189200,1769,1.1764705882352942
2025-04-23,189000,189200,187500,188800,1330,-0.21141649048625794
2025-04-24,188800,189400,188500,189400,1234,0.31779661016949157
2025-04-25,189500,191200,188700,189900,1285,0.26399155227032733
2025-04-28,189900,192000,189900,191600,3176,0.8952080042127435
2025-04-29,191300,192900,189700,192500,1916,0.46972860125260957
2025-04-30,192500,192600,190600,191700,2141,-0.4155844155844156
2025-05-02,191700,192700,188600,190800,1924,-0.4694835680751174
2025-05-07,190800,191600,188200,188200,2541,-1.3626834381551363
2025-05-08,188200,196900,188000,196900,3455,4.622741764080765
2025-05-09,192000,192000,189000,191600,2759,-2.691721686135094
2025-05-12,191400,191400,188800,189500,1346,-1.0960334029227559
2025-05-13,189500,190700,187300,187300,1250,-1.1609498680738786
2025-05-14,189400,192900,187300,190000,1308,1.4415376401494928
2025-05-15,190000,190000,186500,186500,1381,-1.8421052631578945
2025-05-16,186800,187700,184600,184800,1111,-0.9115281501340482
2025-05-19,184800,185500,179600,181700,1617,-1.6774891774891776
2025-05-20,181900,181900,179700,179900,1636,-0.9906439185470555
2025-05-21,180000,182300,179900,181200,2088,0.7226236798221234
2025-05-22,181200,184600,178200,184200,2555,1.6556291390728477
2025-05-23,184200,184200,178600,181100,3579,-1.6829533116178068
2025-05-26,180700,180800,178700,179800,1526,-0.7178354500276091
2025-05-27,179800,179800,176100,178500,2091,-0.7230255839822024
2025-05-28,178500,183200,176700,182700,2092,2.3529411764705883
2025-05-29,182700,184200,181400,182700,2205,0.0
2025-05-30,182700,184300,181100,182400,2102,-0.16420361247947454
2025-06-02,182400,184400,179100,184000,3117,0.8771929824561403
2025-06-04,184000,186000,182300,184500,2092,0.2717391304347826
2025-06-05,184400,187000,180100,184600,2845,0.05420054200542006
2025-06-09,184600,184600,181300,183300,3067,-0.7042253521126761
2025-06-10,181100,182000,179800,179800,1826,-1.9094380796508457
2025-06-11,179400,181300,175900,179800,2116,0.0
2025-06-12,178000,184800,177500,184800,5476,2.7808676307007785
2025-06-13,183000,183000,177500,177900,2280,-3.7337662337662336
2025-06-16,180200,180200,175900,179500,1166,0.8993816750983699
2025-06-17,179500,179600,177000,177900,3108,-0.8913649025069639
2025-06-18,177900,182900,175500,175500,2532,-1.3490725126475547
2025-06-19,173900,175400,173900,174000,841,-0.8547008547008548
2025-06-20,175700,175700,171400,172000,2191,-1.1494252873563218
2025-06-23,171700,172000,168100,168100,2624,-2.2674418604651163
2025-06-24,170200,171000,168600,168800,2239,0.41641879833432477
2025-06-25,168900,171000,168900,169300,2057,0.2962085308056872
2025-06-26,169400,170300,168900,169300,2764,0.0
2025-06-27,171900,171900,166500,166600,3090,-1.5948021264028351
2025-06-30,166500,168900,163800,163900,5106,-1.6206482593037215
2025-07-01,163900,168000,163500,166800,3924,1.7693715680292863
2025-07-02,166800,169500,166100,168800,3136,1.1990407673860912
2025-07-03,168800,170500,167400,168400,1920,-0.23696682464454977
2025-07-04,168400,168800,166600,167000,2375,-0.831353919239905
2025-07-07,171500,171500,163100,163600,10326,-2.035928143712575
2025-07-08,165000,165000,161000,161700,5552,-1.1613691931540342
2025-07-09,161100,163400,161100,162300,3569,0.3710575139146568
2025-07-10,164000,167000,163200,167000,4654,2.895871842267406
2025-07-11,166100,167400,165900,167200,1458,0.11976047904191617
2025-07-14,167200,167200,164200,164500,2786,-1.6148325358851676
2025-07-15,164500,164500,161600,161600,4315,-1.762917933130699
2025-07-16,161600,163500,160700,161400,2923,-0.12376237623762376
2025-07-17,161400,162800,160200,162800,2770,0.8674101610904585
2025-07-18,162800,164400,162100,164000,2858,0.7371007371007371
2025-07-21,164000,164900,163400,163500,2199,-0.3048780487804878
2025-07-22,163500,164900,163500,164300,1583,0.4892966360856269
2025-07-23,164300,165000,162500,163600,2919,-0.426049908703591
2025-07-24,163600,163600,159900,162200,3920,-0.8557457212713936
2025-07-25,161900,161900,159800,160400,1829,-1.1097410604192355
2025-07-28,160400,161100,159600,161100,1578,0.4364089775561097
2025-07-29,161100,162500,159800,162200,2485,0.6828057107386716
2025-07-30,162200,163900,161300,163900,2284,1.0480887792848335
2025-07-31,163900,166100,161800,165600,3407,1.0372178157413057
2025-08-01,165600,165600,161000,163500,2307,-1.2681159420289856
2025-08-04,163100,163400,160000,160200,3368,-2.0183486238532113
2025-08-05,160400,162700,159600,162200,3125,1.2484394506866416
2025-08-06,161800,161800,159700,160000,2742,-1.3563501849568433
2025-08-07,160000,160000,158700,159000,2816,-0.625
2025-08-08,159100,161000,158900,160300,4308,0.8176100628930818
2025-08-11,160200,161000,159000,160700,1117,0.2495321272613849
2025-08-12,160700,164100,159700,163400,2736,1.6801493466085875
2025-08-13,163400,164200,161900,163500,1855,0.06119951040391676
2025-08-14,163400,163500,162200,163500,2722,0.0
2025-08-18,159400,159400,155000,157000,4657,-3.9755351681957185
2025-08-19,157000,158000,156100,157500,3027,0.3184713375796179
2025-08-20,157500,157700,155100,155300,2621,-1.3968253968253967
2025-08-21,155400,156000,151500,151500,3660,-2.4468770122343853
2025-08-22,151500,152000,146000,148400,6722,-2.046204620462046
2025-08-25,148400,148500,145400,145800,5053,-1.7520215633423182
2025-08-26,145800,147300,137100,139300,32480,-4.458161865569274
2025-08-27,140600,149400,140600,148300,8505,6.460875807609476
2025-08-28,148300,149700,146000,148000,3242,-0.20229265003371544
2025-08-29,148700,149700,145400,146800,4314,-0.8108108108108109
2025-09-01,146800,148500,145000,147800,2600,0.6811989100817438
2025-09-02,146500,147900,145400,147700,1745,-0.06765899864682003
2025-09-03,145700,146800,144600,145400,3237,-1.5572105619498984
2025-09-04,144600,151900,144600,151800,3304,4.401650618982118
2025-09-05,150300,152700,150000,152700,2003,0.592885375494071
2025-09-08,151200,152100,149000,149300,1303,-2.226588081204977
2025-09-09,151800,151800,147600,149300,2281,0.0
2025-09-10,146500,152500,146500,152200,2169,1.942397856664434
2025-09-11,152200,155000,152200,155000,3462,1.8396846254927726
2025-09-12,155000,155500,153300,154600,2573,-0.25806451612903225
2025-09-15,154600,155400,154600,155300,1620,0.45278137128072443
2025-09-16,155300,155500,155300,155500,1197,0.128783000643915
2025-09-17,155500,155900,155500,155900,1366,0.2572347266881029
2025-09-18,155900,157000,155900,157000,2198,0.7055805003207184
2025-09-19,157000,157500,157000,157000,907,0.0
2025-09-22,157100,157850,157000,157200,815,0.12738853503184713
2025-09-23,157200,157700,157200,157500,1755,0.19083969465648853
2025-09-24,158000,161400,157700,161400,4272,2.4761904761904763
2025-09-25,161400,161900,152700,153600,3434,-4.83271375464684
2025-09-26,153600,153800,148200,152000,1600,-1.0416666666666665
2025-09-29,153500,155200,151100,152500,1668,0.3289473684210526
2025-09-30,151000,153100,150000,150000,1504,-1.639344262295082
2025-10-01,150000,156100,150000,153900,1994,2.6
2025-10-02,154000,158000,153100,156700,3457,1.8193632228719947
2025-10-10,152300,158700,151500,158700,3063,1.2763241863433312
2025-10-13,157600,157600,151400,153000,1943,-3.5916824196597354
2025-10-14,150300,156500,149600,152200,5125,-0.522875816993464
2025-10-15,150600,156000,150600,156000,3020,2.4967148488830486
2025-10-16,156100,161000,156100,160900,4027,3.141025641025641
2025-10-17,159300,160800,158000,158000,1959,-1.8023617153511498
2025-10-20,158000,158800,156500,158500,2404,0.31645569620253167
2025-10-21,158500,159000,156600,157600,2690,-0.5678233438485805
2025-10-22,157600,158100,155500,157800,2224,0.12690355329949238
2025-10-23,157800,157900,155100,155400,2311,-1.520912547528517
2025-10-24,155400,155600,154100,155400,1482,0.0
2025-10-27,155400,157000,154400,154500,2462,-0.5791505791505791
2025-10-28,154500,156700,153600,156000,2873,0.9708737864077669
2025-10-29,156000,158500,153200,153200,3475,-1.7948717948717947
2025-10-30,153200,154800,147500,149000,4012,-2.741514360313316
2025-10-31,149000,151500,147000,151200,3435,1.476510067114094
2025-11-03,151200,151400,148200,148500,3748,-1.7857142857142856
2025-11-04,148500,159000,147000,147100,4177,-0.9427609427609427
2025-11-05,149300,149800,146400,147600,3604,0.3399048266485384
2025-11-06,147600,153400,146800,148400,3201,0.5420054200542005
2025-11-07,148400,149100,146300,148000,2020,-0.2695417789757413
2025-11-10,148000,150600,145800,146000,3357,-1.3513513513513513
2025-11-11,146000,147400,146000,146100,2594,0.0684931506849315
2025-11-12,146100,147100,146100,146800,2876,0.4791238877481177
2025-11-13,146200,147500,146000,146100,2254,-0.4768392370572207
2025-11-14,147500,148700,146100,146100,1992,0.0
2025-11-17,146100,147200,144700,146700,4010,0.41067761806981523
2025-11-18,146700,146700,142000,144200,3134,-1.7041581458759374
2025-11-19,144200,144200,142900,143900,2817,-0.20804438280166435
2025-11-20,143900,145800,143900,145000,3285,0.7644197359277276
2025-11-21,145000,147300,142400,146200,3672,0.8275862068965517
2025-11-24,146200,151600,145200,147100,4304,0.615595075239398
2025-11-25,147100,147100,143600,144800,2859,-1.563562202583277
2025-11-26,144800,145900,144800,145700,1595,0.6215469613259669
2025-11-27,145700,148300,145700,147900,1935,1.5099519560741248
2025-11-28,147900,150100,147900,150100,2224,1.4874915483434754
2025-12-01,150100,150100,146800,147100,2653,-1.9986675549633577
2025-12-02,147100,149700,147100,147600,2038,0.3399048266485384
2025-12-03,147600,153800,147600,153700,5203,4.13279132791328
2025-12-04,153700,156000,150100,152700,4770,-0.6506180871828237
2025-12-05,152600,154400,151700,154000,3243,0.8513425016371972
2025-12-08,155500,155500,150100,151700,2544,-1.4935064935064934
2025-12-09,151500,154800,151300,153600,1414,1.2524719841793013
2025-12-10,153700,158400,153600,156900,3098,2.1484375
2025-12-11,158400,159700,151100,156500,4907,-0.25493945188017847
2025-12-12,156500,157900,154600,154600,3416,-1.2140575079872205
2025-12-15,154600,158500,151500,151500,2554,-2.0051746442432083
2025-12-16,151500,152900,150300,152900,2065,0.9240924092409241
2025-12-17,153300,155900,152900,154300,1626,0.9156311314584695
2025-12-18,154300,155700,151700,151700,1767,-1.6850291639662993
2025-12-19,153800,156700,152500,156500,1371,3.1641397495056034
2025-12-22,158100,159000,155500,155700,2647,-0.5111821086261981
2025-12-23,155700,157300,154000,154300,1822,-0.8991650610147719
2025-12-24,154400,156000,154300,154400,1986,0.06480881399870382
2025-12-26,154600,158400,154000,154900,1044,0.3238341968911917
2025-12-29,151200,151200,148600,149700,1115,-3.357004519044545
2025-12-30,148900,150900,147000,150300,1197,0.4008016032064128
2026-01-02,150300,151500,150300,150400,1403,0.0665335994677312
2026-01-05,150400,151800,146500,148100,3600,-1.5292553191489362
2026-01-06,148100,148100,145600,145800,2577,-1.5530047265361242
2026-01-07,143900,147200,143600,145600,1683,-0.1371742112482853
2026-01-08,144600,147200,144100,146500,2717,0.6181318681318682
2026-01-09,146500,148300,145100,147400,3959,0.614334470989761
2026-01-12,147500,149400,146100,148400,1836,0.6784260515603799
2026-01-13,150000,151900,148400,148500,2476,0.06738544474393532
2026-01-14,151200,151200,147000,147000,2850,-1.0101010101010102
2026-01-15,147000,149000,147000,147800,1965,0.5442176870748299
2026-01-16,147800,148200,146100,146700,1927,-0.7442489851150204
2026-01-19,146700,147900,145800,146000,2139,-0.47716428084526247
2026-01-20,146000,147900,146000,146500,2069,0.3424657534246575
2026-01-21,148100,150600,143000,143000,2544,-2.3890784982935154
2026-01-22,143000,145200,142100,142100,2890,-0.6293706293706294
2026-01-23,142100,145300,141600,143500,2888,0.9852216748768473
2026-01-26,143500,145100,141500,141500,3151,-1.3937282229965158
2026-01-27,141600,142600,141000,141000,2342,-0.35335689045936397
2026-01-28,141000,142700,139200,139600,3687,-0.9929078014184398
2026-01-29,139600,140500,137100,140500,4157,0.6446991404011462
2026-01-30,140500,140500,138000,139000,5010,-1.0676156583629894
2026-02-02,141400,141400,135300,135300,4124,-2.661870503597122
2026-02-03,138100,138500,136300,138200,2680,2.1433850702143387
2026-02-04,138200,140300,137500,140000,5064,1.3024602026049203
2026-02-05,139900,140900,138000,139900,8573,-0.07142857142857142
2026-02-06,139900,141300,132500,140700,12644,0.5718370264474625
2026-02-09,141900,145000,141100,145000,3213,3.0561478322672353
2026-02-10,145000,149800,145000,148900,4097,2.689655172413793
2026-02-11,148900,151100,148900,149400,3801,0.33579583613163194
2026-02-12,151500,156000,150000,156000,6490,4.417670682730924
2026-02-13,154500,154900,149500,151600,6279,-2.8205128205128207
2026-02-19,151600,153700,151600,152000,4185,0.2638522427440633
2026-02-20,152100,153400,150500,152600,5482,0.39473684210526316
2026-02-23,152600,153700,150900,153200,5699,0.39318479685452157
2026-02-24,153200,154900,153200,154300,3642,0.7180156657963447
2026-02-25,154300,154800,149600,149600,5463,-3.04601425793908
2026-02-26,148400,148800,144200,145200,3435,-2.941176470588235
2026-02-27,145700,145700,140900,141700,5251,-2.4104683195592287
2026-03-03,142000,143700,139800,140000,4744,-1.1997177134791814
2026-03-04,140000,140000,130000,130000,5375,-7.142857142857142
2026-03-05,134700,141500,132900,139400,4711,7.230769230769231
2026-03-06,139400,144200,138100,142100,5689,1.9368723098995695
2026-03-09,142100,142100,136600,140000,3151,-1.477832512315271
2026-03-10,138700,140900,137600,140500,1981,0.35714285714285715
2026-03-11,141000,141000,137900,138800,1851,-1.2099644128113878
2026-03-12,138500,150000,137500,150000,3029,8.069164265129682
2026-03-13,141400,141600,138500,141200,3803,-5.866666666666666
2026-03-16,140000,141500,138000,138000,1148,-2.26628895184136
2026-03-17,136800,138700,136800,137700,894,-0.21739130434782608
2026-03-18,137900,140400,137700,139300,2897,1.1619462599854757
2026-03-19,138000,138400,135600,135600,1869,-2.656137832017229
2026-03-20,135700,138200,135700,137400,1499,1.3274336283185841
2026-03-23,137400,137400,130000,130000,4291,-5.385735080058224
2026-03-24,135200,135200,130200,132200,1582,1.6923076923076923
2026-03-25,134600,136700,132300,136600,3313,3.3282904689863844
2026-03-26,136700,137900,135000,137500,2678,0.6588579795021963
2026-03-27,137500,137500,132000,135800,3671,-1.2363636363636363
2026-03-30,135800,138000,131700,138000,3854,1.6200294550810017
2026-03-31,137500,137500,133100,134800,3716,-2.318840579710145
2026-04-01,136100,137900,134800,136200,4524,1.0385756676557862
2026-04-02,134900,135500,131100,131100,3510,-3.7444933920704844
2026-04-03,131400,136500,131400,134400,5412,2.517162471395881
2026-04-06,134100,134100,131500,134100,1232,-0.2232142857142857
2026-04-07,131500,132500,130200,132000,2689,-1.5659955257270695
2026-04-08,135300,135400,132000,132000,4871,0.0
2026-04-09,132400,135700,132100,134400,4363,1.8181818181818181
2026-04-10,133100,137200,133100,135500,6541,0.818452380952381
2026-04-13,133700,133900,131700,133500,7911,-1.4760147601476015
2026-04-14,133500,137600,133500,137300,4278,2.846441947565543
2026-04-15,138100,138700,135400,137300,6532,0.0
2026-04-16,137300,139400,134900,139400,5759,1.529497450837582
2026-04-17,138000,140000,137300,139900,3607,0.3586800573888092
2026-04-20,140500,141300,139900,140600,1718,0.5003573981415297
2026-04-21,140600,141700,139200,140900,3039,0.21337126600284498
2026-04-22,140900,142100,134600,139600,4184,-0.9226401703335699
2026-04-23,139600,141900,137800,141900,4991,1.64756446991404
2026-04-24,141900,145200,141000,142800,7697,0.6342494714587738
2026-04-27,142800,146500,142800,145500,5581,1.8907563025210083
2026-04-28,145500,147200,144000,147200,7088,1.168384879725086
2026-04-29,148600,148800,146400,148700,6482,1.0190217391304348
2026-04-30,148700,153300,147700,151800,7172,2.0847343644922667
2026-05-04,152400,152700,147300,151900,5871,0.06587615283267458
2026-05-06,151900,152400,143200,143300,5816,-5.661619486504279
2026-05-07,143300,143800,140000,142400,5949,-0.6280530355896721
2026-05-08,142400,144900,142400,144600,3805,1.544943820224719
2026-05-11,144600,146100,139100,140500,4221,-2.835408022130014
2026-05-12,140500,141600,136300,141400,4928,0.6405693950177936
2026-05-13,141300,141300,136000,136200,4012,-3.6775106082036775
2026-05-14,136200,141400,134150,140900,6048,3.450807635829662
2026-05-15,140900,143300,136000,136000,4175,-3.47764371894961
2026-05-18,136000,138700,131600,132400,3919,-2.6470588235294117
2026-05-19,132400,134300,128900,130400,5409,-1.5105740181268883
2026-05-20,130400,133600,125800,127000,6299,-2.607361963190184
2026-05-21,127800,131400,125600,125800,4144,-0.9448818897637795
2026-05-22,129800,129800,125800,127000,5033,0.9538950715421303
2026-05-26,127000,129400,120000,121900,8050,-4.015748031496063
2026-05-27,121900,123100,115200,115500,5920,-5.2502050861361775
2026-05-28,115500,120200,113900,119900,5463,3.8095238095238098
2026-05-29,119200,121500,117300,120500,3926,0.5004170141784821
2026-06-01,118600,120400,115300,116000,4649,-3.7344398340248963
2026-06-02,119100,123700,113000,118400,6696,2.0689655172413794
2026-06-04,123300,123300,117700,122100,9010,3.125
2026-06-05,122000,123700,118100,119700,3709,-1.9656019656019657
